member_id,name,age,gender,Age Group
1,"Teresa Carter",69,"F","60+"
3,"Anthony French Jr.",89,"F","60+"
6,"Ryan Martinez",41,"F","36–45"
7,"Jonathan Hughes",20,"F","18–25"
9,"Rebekah Morales",70,"F","60+"
10,"Shannon Walters",19,"F","18–25"
11,"Patricia Li",47,"F","46–60"
12,"Kelli Cummings",55,"F","46–60"
13,"Nicholas Hill",19,"F","18–25"
15,"Amanda Schultz",77,"F","60+"
16,"Carlos Khan",38,"F","36–45"
18,"Christina Kennedy",75,"F","60+"
23,"Jeffrey Cook",77,"F","60+"
24,"Christopher Bell DVM",32,"F","26–35"
25,"Bryan Farrell",79,"F","60+"
27,"Kaylee Mclaughlin",64,"F","60+"
28,"Theodore Shaw",79,"F","60+"
29,"Todd Wagner",68,"F","60+"
30,"Cory Perkins",72,"F","60+"
31,"Nicole Smith",81,"F","60+"
33,"Tyrone Phillips",68,"F","60+"
36,"David Klein",56,"F","46–60"
38,"Sharon Williams",21,"F","18–25"
40,"Sean Hernandez",31,"F","26–35"
43,"Beth Blackwell",19,"F","18–25"
45,"Jennifer Gibson",88,"F","60+"
49,"Jessica Bryant",52,"F","46–60"
50,"Trevor Rodgers",53,"F","46–60"
51,"Jared Ellison",67,"F","60+"
52,"Tyler Norman",21,"F","18–25"
55,"William Anderson",71,"F","60+"
58,"Victoria Gonzales",80,"F","60+"
59,"Veronica Schwartz",35,"F","26–35"
60,"Cassie Morris",61,"F","60+"
61,"Timothy King",51,"F","46–60"
62,"Sonya Jordan",79,"F","60+"
63,"Melissa Jones",31,"F","26–35"
64,"Maria Pratt",65,"F","60+"
67,"Christopher Casey",79,"F","60+"
68,"Rebecca Porter",57,"F","46–60"
73,"Harry Lewis",58,"F","46–60"
75,"James Adams",32,"F","26–35"
76,"David Williams",62,"F","60+"
77,"Rachel Bradford DDS",82,"F","60+"
78,"Danielle Larson",88,"F","60+"
80,"Erin Johnson",18,"F","18–25"
83,"James Shaw",28,"F","26–35"
86,"Dana Mcclain",52,"F","46–60"
88,"Kayla Williams",22,"F","18–25"
90,"Jennifer Harrell",45,"F","36–45"
91,"Andrew Garrett",24,"F","18–25"
92,"Amanda Bradley",89,"F","60+"
93,"Michelle Baxter",29,"F","26–35"
95,"Bryan Garcia",50,"F","46–60"
97,"Christopher Bell",40,"F","36–45"
99,"Taylor Cook",54,"F","46–60"
101,"Calvin Cain",52,"F","46–60"
102,"Mr. Samuel Holder",82,"F","60+"
103,"James Stevens",64,"F","60+"
105,"Kristin Lawson",18,"F","18–25"
110,"Aaron Kidd",32,"F","26–35"
111,"Jordan Silva",59,"F","46–60"
120,"Krystal Burke",53,"F","46–60"
122,"Blake Smith",49,"F","46–60"
123,"Patricia Berger",88,"F","60+"
124,"Linda Collins",76,"F","60+"
126,"Shannon Watson",83,"F","60+"
127,"Erica Reed",59,"F","46–60"
128,"Corey Nguyen",62,"F","60+"
129,"Howard Moore",79,"F","60+"
130,"Randy Campbell",74,"F","60+"
131,"Elizabeth Bauer",23,"F","18–25"
133,"Mrs. Debbie Phelps MD",45,"F","36–45"
134,"Richard Flores",61,"F","60+"
135,"Gabriel Gonzales",47,"F","46–60"
137,"William Fernandez",79,"F","60+"
139,"John Cross",44,"F","36–45"
141,"Kathy Henderson",20,"F","18–25"
145,"David Christensen",26,"F","26–35"
149,"Ryan Scott",61,"F","60+"
150,"Christine Cannon",41,"F","36–45"
153,"Brian Roberson",69,"F","60+"
154,"Angela Klein",79,"F","60+"
155,"Thomas Roberts",75,"F","60+"
157,"Judy Harris",29,"F","26–35"
158,"Jacob Graves",56,"F","46–60"
159,"Marvin Harris",19,"F","18–25"
160,"Megan Bradford",20,"F","18–25"
163,"Neil Rose",19,"F","18–25"
164,"Monique Lucas",19,"F","18–25"
165,"Rebecca Waller",71,"F","60+"
166,"Courtney Melendez",18,"F","18–25"
167,"Rachel Avila",36,"F","36–45"
168,"Elizabeth Pierce",19,"F","18–25"
170,"Rodney Foster",61,"F","60+"
177,"Tara Robinson",34,"F","26–35"
184,"Kenneth Jefferson",76,"F","60+"
189,"Joseph Torres",53,"F","46–60"
190,"Nicole Winters",36,"F","36–45"
194,"Thomas Thomas",88,"F","60+"
195,"Monique Lee",69,"F","60+"
196,"Amanda Estes",50,"F","46–60"
198,"Colleen Henry",56,"F","46–60"
203,"Kelly Johnson",40,"F","36–45"
204,"Mariah Bryant",48,"F","46–60"
206,"Teresa Johnson",24,"F","18–25"
208,"Nicole Conley",77,"F","60+"
209,"Sarah Wilson",19,"F","18–25"
210,"Scott Berg",18,"F","18–25"
212,"Carla Leach",29,"F","26–35"
215,"Melissa Edwards",49,"F","46–60"
217,"Nancy Curry",36,"F","36–45"
222,"Nancy Thompson",71,"F","60+"
223,"Brandy Holder",50,"F","46–60"
224,"Jason Patterson",41,"F","36–45"
225,"Stephen Weber",89,"F","60+"
227,"Jennifer Garcia",55,"F","46–60"
228,"John Li",42,"F","36–45"
229,"James Raymond",35,"F","26–35"
231,"Deanna Santos",71,"F","60+"
232,"Robert Gonzalez",52,"F","46–60"
234,"Jessica Chen",58,"F","46–60"
236,"Timothy Harris",85,"F","60+"
237,"Debbie Mullins",50,"F","46–60"
239,"Justin Miller",38,"F","36–45"
240,"Donna Forbes",65,"F","60+"
246,"Joseph Good",50,"F","46–60"
249,"Kayla Bailey",39,"F","36–45"
250,"David Erickson MD",47,"F","46–60"
254,"Sara Stevens",25,"F","18–25"
256,"Michael Booker",44,"F","36–45"
259,"Cindy Smith",45,"F","36–45"
262,"Robin Erickson",78,"F","60+"
263,"Amber Johnson",65,"F","60+"
264,"Raymond Graham",36,"F","36–45"
265,"Nicholas Randolph",21,"F","18–25"
266,"Stacy Hernandez",52,"F","46–60"
267,"Matthew Smith",81,"F","60+"
268,"Tammy Knight",66,"F","60+"
269,"Kenneth Garcia",34,"F","26–35"
270,"Lisa Mcgee",61,"F","60+"
271,"Allison Smith",47,"F","46–60"
277,"Katie Bishop",70,"F","60+"
279,"Richard Simmons",80,"F","60+"
281,"Gregory French",50,"F","46–60"
284,"Sarah Williams",42,"F","36–45"
286,"Jessica Hester",75,"F","60+"
288,"Justin Jacobs",63,"F","60+"
290,"David Brennan",49,"F","46–60"
291,"Mr. Eric Moreno",64,"F","60+"
296,"Mitchell Kent",34,"F","26–35"
300,"Melissa Estrada",65,"F","60+"
305,"Phillip Acosta",42,"F","36–45"
308,"Tracy Jefferson",77,"F","60+"
309,"Derrick Carter",24,"F","18–25"
311,"Chelsea Holt",53,"F","46–60"
312,"Kara Cabrera",62,"F","60+"
314,"Susan White",82,"F","60+"
315,"Lisa Johnson",25,"F","18–25"
319,"Michael Lowe",83,"F","60+"
321,"Regina Johnson",80,"F","60+"
323,"Stephanie Jefferson",42,"F","36–45"
324,"Aaron Rice",75,"F","60+"
327,"Jason Barker",39,"F","36–45"
329,"James Taylor",75,"F","60+"
334,"Emily Foley",32,"F","26–35"
336,"Lori Hanson",77,"F","60+"
337,"Kelly Vargas",25,"F","18–25"
338,"Christopher Williams",70,"F","60+"
340,"Nicholas Horton",22,"F","18–25"
341,"Nicole Simmons",85,"F","60+"
344,"Allison Taylor",72,"F","60+"
347,"Bryan Tucker",33,"F","26–35"
348,"Robert Diaz",30,"F","26–35"
349,"Allen Allen",47,"F","46–60"
351,"Linda Bryant",34,"F","26–35"
355,"Justin Wells",72,"F","60+"
356,"Jennifer King",79,"F","60+"
358,"Michael Garcia",26,"F","26–35"
359,"Lisa Myers",29,"F","26–35"
360,"Timothy Herrera",18,"F","18–25"
362,"Derrick Jackson",18,"F","18–25"
368,"Kimberly Marsh",81,"F","60+"
370,"Larry Ray",86,"F","60+"
372,"Ashley Fowler",84,"F","60+"
377,"Taylor Gallagher",46,"F","46–60"
378,"Brett Fischer",86,"F","60+"
380,"Samantha Chavez",79,"F","60+"
383,"James Martinez",65,"F","60+"
385,"Devin Conrad",50,"F","46–60"
390,"Monica Velasquez",69,"F","60+"
393,"Zachary Skinner",75,"F","60+"
394,"Linda Perez",18,"F","18–25"
395,"Shelley Fisher",86,"F","60+"
396,"Brian Roy",21,"F","18–25"
397,"Sue Chase",33,"F","26–35"
398,"Thomas Lamb",41,"F","36–45"
399,"Joan Gonzalez",19,"F","18–25"
402,"Lauren Hammond",29,"F","26–35"
404,"David Jones",52,"F","46–60"
407,"Catherine Turner",78,"F","60+"
408,"Melissa Rose",68,"F","60+"
410,"Wanda Clarke",29,"F","26–35"
411,"Julie Vargas",84,"F","60+"
413,"Karl Morgan",50,"F","46–60"
418,"Christina Norris",30,"F","26–35"
419,"Eric Johnson",29,"F","26–35"
421,"Michele Dean",19,"F","18–25"
422,"Shawna Sanders DDS",52,"F","46–60"
424,"Jasmine Livingston",43,"F","36–45"
425,"Jessica Gilbert",51,"F","46–60"
426,"Todd Mccoy",24,"F","18–25"
427,"Henry Kaiser",85,"F","60+"
429,"Crystal Adams",46,"F","46–60"
430,"Sharon Richardson",53,"F","46–60"
431,"Megan Anderson",38,"F","36–45"
432,"Anna Prince",53,"F","46–60"
433,"Paul Reeves",27,"F","26–35"
434,"Dawn Horne",41,"F","36–45"
435,"Kathryn Mckenzie",81,"F","60+"
436,"Dillon Arnold",66,"F","60+"
437,"Robert Lutz",53,"F","46–60"
438,"Michael Nichols",41,"F","36–45"
439,"Peggy Byrd",40,"F","36–45"
443,"Christopher Wilson",72,"F","60+"
444,"Matthew Fry",30,"F","26–35"
445,"Craig Gregory",40,"F","36–45"
447,"Ronnie Tucker",34,"F","26–35"
450,"Kathy Garrison",76,"F","60+"
451,"Jason Vaughan",36,"F","36–45"
456,"Janet White",26,"F","26–35"
458,"Michael Parker",45,"F","36–45"
459,"Michael Watson",69,"F","60+"
465,"Patrick Thomas",70,"F","60+"
469,"Brooke Sanchez",56,"F","46–60"
470,"Carla Berry",70,"F","60+"
471,"Alex Lewis",59,"F","46–60"
472,"Natasha Morris",75,"F","60+"
473,"Wendy Cabrera",56,"F","46–60"
474,"Lisa Sanchez",31,"F","26–35"
475,"Sheila Johnson",22,"F","18–25"
476,"Pamela Mcmillan",52,"F","46–60"
479,"Caleb Jackson",75,"F","60+"
480,"Laura Stanley",34,"F","26–35"
481,"Mariah Williams",24,"F","18–25"
482,"Carol Kirk",63,"F","60+"
488,"Robin Williams",44,"F","36–45"
490,"Courtney Peterson",22,"F","18–25"
492,"William Hopkins",54,"F","46–60"
493,"Sara Wheeler",55,"F","46–60"
495,"Brandi Henry",82,"F","60+"
501,"Dustin Harvey",87,"F","60+"
502,"Bobby Nguyen",48,"F","46–60"
503,"Kathleen Richardson",36,"F","36–45"
505,"Megan Oconnor",71,"F","60+"
508,"Erin Moore",56,"F","46–60"
510,"Mrs. Wendy Ortiz MD",62,"F","60+"
511,"Brandy Walker",30,"F","26–35"
515,"Amy Holmes",78,"F","60+"
519,"James Stephens",79,"F","60+"
522,"Jason Grant",73,"F","60+"
523,"Melanie Tucker",50,"F","46–60"
527,"Anthony Stevens",61,"F","60+"
529,"Thomas Scott",49,"F","46–60"
530,"James Watkins",62,"F","60+"
531,"Julie Rasmussen",78,"F","60+"
533,"Leslie Cook",38,"F","36–45"
534,"Garrett Le",53,"F","46–60"
535,"Jason Cooke",36,"F","36–45"
541,"Haley Jordan",31,"F","26–35"
546,"Jeffrey Baxter",20,"F","18–25"
547,"Christopher Greene",33,"F","26–35"
550,"Darlene Love",33,"F","26–35"
554,"Amber Ramsey",25,"F","18–25"
556,"Ashley Walker",25,"F","18–25"
558,"Victoria Wilson",77,"F","60+"
562,"Angela Henson",81,"F","60+"
563,"Michael Davidson",44,"F","36–45"
566,"Rhonda Palmer",50,"F","46–60"
571,"Jeffrey Benjamin",23,"F","18–25"
576,"Felicia Thornton",27,"F","26–35"
577,"Joseph Wagner",73,"F","60+"
578,"Jennifer Davila",47,"F","46–60"
580,"Angela Le",50,"F","46–60"
581,"Brittany Perez",82,"F","60+"
582,"Joshua Huber",35,"F","26–35"
583,"Christina Johnson",66,"F","60+"
584,"Lori Kelly",28,"F","26–35"
585,"Jeremy Guerrero",43,"F","36–45"
586,"Courtney Newman",80,"F","60+"
589,"Ethan Madden",66,"F","60+"
591,"Maria Stevens",18,"F","18–25"
593,"Ashley Gilmore",72,"F","60+"
597,"Patricia Paul",20,"F","18–25"
598,"Mary Weber",70,"F","60+"
599,"Dr. Ashley Collins",40,"F","36–45"
601,"Sarah Berg",54,"F","46–60"
602,"Anthony Camacho",34,"F","26–35"
604,"Robert Kemp",68,"F","60+"
607,"Keith Patterson",79,"F","60+"
609,"James Hunt",49,"F","46–60"
610,"Natalie Payne",51,"F","46–60"
611,"Michelle Powers",89,"F","60+"
613,"Steven Hughes",43,"F","36–45"
614,"Anthony Wright",51,"F","46–60"
615,"Alec Holmes",71,"F","60+"
618,"Richard Pearson",29,"F","26–35"
620,"Theresa Collins",71,"F","60+"
621,"Nicole Clayton",22,"F","18–25"
622,"Sandra Vargas",74,"F","60+"
623,"Linda Clark",34,"F","26–35"
624,"Brandon Taylor",64,"F","60+"
625,"Jennifer Moore",40,"F","36–45"
626,"Adrian Gardner",31,"F","26–35"
627,"Mr. Christopher Bray",83,"F","60+"
630,"Jennifer Mayer",81,"F","60+"
634,"Alicia Keller",68,"F","60+"
635,"Anna Smith",80,"F","60+"
636,"Christopher Hancock",69,"F","60+"
637,"Michaela Ray",55,"F","46–60"
638,"Michelle Solis",47,"F","46–60"
640,"David Murphy",22,"F","18–25"
642,"Rachel Villanueva",21,"F","18–25"
643,"Mary Rivers",27,"F","26–35"
649,"Randall Bishop",23,"F","18–25"
650,"Kevin Johnson",70,"F","60+"
651,"Elizabeth Henderson",83,"F","60+"
652,"Kayla Conley",60,"F","46–60"
653,"James Morales",40,"F","36–45"
654,"Elizabeth Green",72,"F","60+"
656,"William Mason",25,"F","18–25"
659,"Vincent Cortez",73,"F","60+"
660,"Dillon Wood",42,"F","36–45"
662,"Laura Robinson",84,"F","60+"
663,"Allison Hurst",44,"F","36–45"
666,"Kaitlyn Nelson",78,"F","60+"
668,"Rachel Smith",36,"F","36–45"
671,"Brenda Barrett",59,"F","46–60"
673,"Autumn Parker",39,"F","36–45"
676,"Casey Parker",18,"F","18–25"
677,"Teresa Green",22,"F","18–25"
678,"Kimberly Jordan",29,"F","26–35"
679,"Linda Moore",63,"F","60+"
680,"Jennifer Stafford",51,"F","46–60"
683,"Carrie Garcia",44,"F","36–45"
684,"David Watson",43,"F","36–45"
685,"Mallory Young",64,"F","60+"
688,"Rhonda Decker",65,"F","60+"
689,"Dennis Powell",78,"F","60+"
690,"Jesse Brooks",43,"F","36–45"
691,"Daisy Nguyen",53,"F","46–60"
692,"Ronald Torres",18,"F","18–25"
697,"Barbara Ferguson",31,"F","26–35"
699,"Derek Edwards",19,"F","18–25"
704,"Michelle Wilkinson",24,"F","18–25"
706,"Angela Torres",40,"F","36–45"
710,"Dr. Michael Pierce",81,"F","60+"
711,"Debra Sampson",45,"F","36–45"
714,"Keith Johnson",34,"F","26–35"
717,"Chase Thompson",34,"F","26–35"
718,"Christina Mitchell",30,"F","26–35"
720,"Maria Richardson",85,"F","60+"
721,"Matthew Brooks",27,"F","26–35"
723,"Mia Glover",35,"F","26–35"
724,"Mary Wilson",51,"F","46–60"
728,"Jessica Vasquez",58,"F","46–60"
730,"Lauren Mullins",69,"F","60+"
731,"Allen Gilbert",43,"F","36–45"
733,"Michelle Gardner",76,"F","60+"
735,"Eric Morrow",76,"F","60+"
736,"Stephen Jones",87,"F","60+"
746,"Larry Cox",41,"F","36–45"
749,"Jennifer Jennings",20,"F","18–25"
750,"Antonio Glover",48,"F","46–60"
754,"Ashley Weber MD",23,"F","18–25"
763,"Antonio Walsh",43,"F","36–45"
764,"Cynthia Brown",68,"F","60+"
766,"Rachel Chavez",61,"F","60+"
769,"James Bryant",43,"F","36–45"
770,"Michael Hayes",85,"F","60+"
771,"Matthew Warner",36,"F","36–45"
772,"Jean Wright",37,"F","36–45"
781,"Joshua Roach",20,"F","18–25"
782,"Angela Anderson",50,"F","46–60"
784,"Tyler Brown",67,"F","60+"
785,"Jennifer Smith",27,"F","26–35"
787,"Alice Lopez",40,"F","36–45"
788,"Michael Hanson",27,"F","26–35"
789,"Ana Hall",61,"F","60+"
791,"Alyssa Perkins",30,"F","26–35"
793,"Patrick Garcia",19,"F","18–25"
794,"Justin Wilson",82,"F","60+"
795,"Carrie Graham",80,"F","60+"
796,"Michelle Mitchell",34,"F","26–35"
797,"Debbie Pratt",26,"F","26–35"
800,"Tara Baldwin",55,"F","46–60"
805,"Henry Simmons",77,"F","60+"
806,"Christopher Watts",67,"F","60+"
807,"Tracie Jimenez",26,"F","26–35"
808,"Edward Fox",51,"F","46–60"
811,"Manuel Valencia",57,"F","46–60"
813,"George Myers",39,"F","36–45"
814,"Tracy Terrell",77,"F","60+"
816,"Christopher Payne",89,"F","60+"
817,"Laura King",28,"F","26–35"
818,"Charles Vazquez",31,"F","26–35"
821,"Tony Moore",52,"F","46–60"
824,"Jack Cross",43,"F","36–45"
826,"Beth Patterson",21,"F","18–25"
827,"Michael Gomez",59,"F","46–60"
828,"William Massey",35,"F","26–35"
830,"Jeffrey Hayes",89,"F","60+"
833,"Julie Smith",49,"F","46–60"
836,"John Briggs",40,"F","36–45"
839,"Joshua Sparks",42,"F","36–45"
840,"Bradley Mcdaniel",34,"F","26–35"
841,"Kyle Watkins",83,"F","60+"
846,"Rebecca Jones",87,"F","60+"
849,"Joshua Reeves",24,"F","18–25"
850,"Isaiah Allen",68,"F","60+"
851,"Christina Hardy",89,"F","60+"
856,"David Adams",50,"F","46–60"
857,"Joseph Ayala",44,"F","36–45"
858,"Jason Miller",53,"F","46–60"
859,"Casey Ford",46,"F","46–60"
861,"James Perry",74,"F","60+"
863,"Matthew Rogers",72,"F","60+"
864,"Ann Dillon",50,"F","46–60"
871,"Gabrielle Nelson",48,"F","46–60"
872,"David Bauer",64,"F","60+"
873,"Thomas Boyd",69,"F","60+"
875,"Ryan Parrish",32,"F","26–35"
877,"Savannah Fields",25,"F","18–25"
878,"Randy Mccoy",22,"F","18–25"
884,"Erin Harper",44,"F","36–45"
885,"Mark Scott",53,"F","46–60"
889,"Cameron Brooks",44,"F","36–45"
891,"Cheryl Burnett",37,"F","36–45"
892,"Christopher Taylor",28,"F","26–35"
893,"Wendy Sutton DVM",55,"F","46–60"
894,"Renee Edwards",23,"F","18–25"
896,"Jennifer Brandt",40,"F","36–45"
899,"Alexis Mcconnell MD",29,"F","26–35"
900,"Maria Chung",30,"F","26–35"
901,"Michael Delacruz",79,"F","60+"
904,"Tiffany Mcconnell",85,"F","60+"
906,"Gabrielle Anderson",54,"F","46–60"
907,"Benjamin Miller",89,"F","60+"
908,"Alex Bauer",48,"F","46–60"
912,"Andrea Richardson",57,"F","46–60"
914,"Kevin Morris",28,"F","26–35"
920,"Elizabeth Rodriguez DVM",71,"F","60+"
921,"Robert Church",74,"F","60+"
922,"John George",18,"F","18–25"
925,"Megan Castillo",72,"F","60+"
930,"Manuel Werner",70,"F","60+"
931,"Christopher Torres MD",26,"F","26–35"
934,"Thomas Morgan",43,"F","36–45"
935,"Karen Lee",58,"F","46–60"
939,"Hannah Brown",55,"F","46–60"
940,"Christian Pennington",19,"F","18–25"
941,"Ashley Harvey",24,"F","18–25"
944,"Karen Nicholson",60,"F","46–60"
949,"Jessica Bryant",42,"F","36–45"
951,"Scott Jimenez",69,"F","60+"
956,"Sean Black",80,"F","60+"
957,"Mr. Michael Mills",39,"F","36–45"
958,"Christopher Harrison",43,"F","36–45"
959,"Laura Santiago",45,"F","36–45"
963,"Katie Bentley",37,"F","36–45"
966,"Andrew Weaver",66,"F","60+"
970,"Jaime Lindsey",68,"F","60+"
971,"Jennifer Brown",73,"F","60+"
972,"Linda Fisher",79,"F","60+"
975,"Paula Fisher",46,"F","46–60"
977,"Mrs. Sara Giles",62,"F","60+"
979,"Kenneth Coleman",33,"F","26–35"
980,"David Wiley",57,"F","46–60"
983,"Anthony York",18,"F","18–25"
984,"Neil Quinn",64,"F","60+"
988,"Calvin Williams",80,"F","60+"
990,"Michael Rocha",18,"F","18–25"
991,"Regina Walker",25,"F","18–25"
993,"William Frazier",72,"F","60+"
996,"Victoria Gutierrez",27,"F","26–35"
1000,"Victor Moss",67,"F","60+"
2,"Martin Hill",32,"M","26–35"
4,"William Diaz",78,"M","60+"
5,"Crystal Knight",38,"M","36–45"
8,"Alicia Chambers",39,"M","36–45"
19,"Dalton Shaffer",39,"M","36–45"
20,"Matthew Myers",66,"M","60+"
21,"Danny Reynolds",76,"M","60+"
22,"Suzanne Ibarra",59,"M","46–60"
26,"Samantha Brooks",79,"M","60+"
32,"Rebecca Moore",20,"M","18–25"
34,"Daniel Meyer",24,"M","18–25"
35,"Daniel Garcia",38,"M","36–45"
37,"John Dickerson",35,"M","26–35"
39,"Timothy Anderson",77,"M","60+"
41,"Emily Hamilton",26,"M","26–35"
44,"Angela Landry",77,"M","60+"
47,"Steven Griffin",25,"M","18–25"
48,"Christine Becker",64,"M","60+"
53,"Patricia Campbell",19,"M","18–25"
54,"Amber Donaldson",23,"M","18–25"
56,"Carla Hardy",21,"M","18–25"
57,"Veronica Johnson",71,"M","60+"
65,"Nicholas Campbell",32,"M","26–35"
66,"Molly George",89,"M","60+"
69,"Krystal Shea",70,"M","60+"
70,"Megan Fuller",41,"M","36–45"
71,"Misty Rivera",43,"M","36–45"
72,"Katie James",77,"M","60+"
74,"Kimberly Bowman",46,"M","46–60"
79,"Elizabeth Green",26,"M","26–35"
81,"Melissa Murray",25,"M","18–25"
82,"Joseph Holland",80,"M","60+"
84,"Alisha Johnson",25,"M","18–25"
85,"Donald Vance",52,"M","46–60"
87,"Michelle Pacheco DVM",50,"M","46–60"
89,"Brian Lewis",58,"M","46–60"
94,"Jennifer Watkins",51,"M","46–60"
96,"Rachel Hernandez",65,"M","60+"
98,"Bruce Mcguire",79,"M","60+"
100,"Mrs. Stephanie Burton",61,"M","60+"
104,"Angela Hayes",20,"M","18–25"
106,"Jennifer Woods MD",22,"M","18–25"
107,"Todd Weaver",31,"M","26–35"
108,"Joel Ramirez",44,"M","36–45"
109,"Ricky Mitchell",26,"M","26–35"
112,"Cynthia York",68,"M","60+"
113,"Jeffrey Bates",80,"M","60+"
114,"Christopher Monroe",69,"M","60+"
115,"James Padilla",21,"M","18–25"
117,"Andrew Shaw",32,"M","26–35"
118,"Rebecca Foster",60,"M","46–60"
119,"Ashley Serrano",46,"M","46–60"
125,"Jessica Lin",45,"M","36–45"
136,"Bryan Newman",79,"M","60+"
138,"Tiffany Miller",18,"M","18–25"
142,"Sharon Park",87,"M","60+"
143,"Julie Stewart",89,"M","60+"
144,"Candice Stephens",44,"M","36–45"
146,"Lisa Davenport",79,"M","60+"
147,"Dr. Chelsea Scott",54,"M","46–60"
148,"Alyssa Watson",68,"M","60+"
151,"Brittany Cummings",76,"M","60+"
152,"Jessica Mcgee",49,"M","46–60"
156,"Laura Hanson",69,"M","60+"
161,"Megan Wyatt",73,"M","60+"
162,"Sherri Wu",76,"M","60+"
169,"James Ferguson",70,"M","60+"
171,"Jason Miller",49,"M","46–60"
172,"Colleen Wu",87,"M","60+"
174,"Julia Porter",85,"M","60+"
175,"Charles Wiley",72,"M","60+"
176,"Robert Middleton",73,"M","60+"
178,"Jaclyn Hall",55,"M","46–60"
179,"Eric Sanchez",41,"M","36–45"
180,"Kristin Alvarez",86,"M","60+"
181,"Leonard Martin",87,"M","60+"
182,"Gina Mccarthy",28,"M","26–35"
183,"Angela Figueroa",33,"M","26–35"
185,"Deborah Whitney",87,"M","60+"
186,"Jerome Forbes",20,"M","18–25"
187,"Deborah Martinez",37,"M","36–45"
188,"Joseph Williams",76,"M","60+"
191,"Miss Teresa Smith DDS",84,"M","60+"
192,"Cameron Ho",36,"M","36–45"
193,"Crystal Smith",37,"M","36–45"
197,"Kathleen West",57,"M","46–60"
199,"Jackie Craig",18,"M","18–25"
200,"Katelyn Anderson",28,"M","26–35"
201,"Brent Davis",74,"M","60+"
202,"Cynthia Wright",67,"M","60+"
205,"John Wilson",59,"M","46–60"
213,"Pamela Jackson",86,"M","60+"
214,"John Robles",54,"M","46–60"
216,"Carol Thompson",26,"M","26–35"
218,"Jacqueline Ross",65,"M","60+"
219,"Julia Marshall",20,"M","18–25"
220,"Deborah Ford",37,"M","36–45"
221,"James Hardy",41,"M","36–45"
226,"Jesus Liu",53,"M","46–60"
230,"Angela Wilson",83,"M","60+"
235,"Joshua Wilson",50,"M","46–60"
238,"Kevin Mckenzie",31,"M","26–35"
241,"Yolanda Austin",37,"M","36–45"
242,"Michele Holloway",25,"M","18–25"
243,"Crystal Smith",24,"M","18–25"
244,"Rebecca Carroll",84,"M","60+"
245,"Cameron Gaines",34,"M","26–35"
247,"Steven Miller",65,"M","60+"
248,"Wesley Hamilton",76,"M","60+"
251,"Johnathan Armstrong",55,"M","46–60"
252,"Richard Price",68,"M","60+"
253,"Benjamin Goodwin",71,"M","60+"
255,"Lisa Gonzalez",44,"M","36–45"
258,"Alexandra Kelly",47,"M","46–60"
261,"Denise Howe",86,"M","60+"
272,"Christopher Harris",63,"M","60+"
273,"Eric Herrera",23,"M","18–25"
274,"Mary Torres",54,"M","46–60"
275,"Mark Morrison",41,"M","36–45"
276,"Jamie Foster",63,"M","60+"
278,"Shannon Moran",77,"M","60+"
280,"Ryan Williams",49,"M","46–60"
283,"Jessica Brown",35,"M","26–35"
285,"Andre Cobb",71,"M","60+"
287,"Troy Barker",84,"M","60+"
289,"Calvin Roberts",41,"M","36–45"
292,"Brandon Richardson",40,"M","36–45"
293,"Carla Young",83,"M","60+"
294,"Ashley Powell",44,"M","36–45"
295,"Lynn Lin",19,"M","18–25"
297,"Christopher Burns",50,"M","46–60"
298,"Matthew Small",26,"M","26–35"
299,"Theresa Jones",60,"M","46–60"
301,"Terry Fowler",56,"M","46–60"
302,"Patricia Brown",59,"M","46–60"
303,"Chelsey Brooks",43,"M","36–45"
304,"Gary Wright",67,"M","60+"
306,"Andrea Pearson",41,"M","36–45"
307,"Rebecca Walker",30,"M","26–35"
310,"James Shields",74,"M","60+"
313,"Jeremy Boyd Jr.",37,"M","36–45"
316,"Richard Williamson",33,"M","26–35"
317,"Mr. David Rodriguez",31,"M","26–35"
318,"Michael Christensen",32,"M","26–35"
322,"Brian Lewis",68,"M","60+"
325,"Willie Rodriguez",80,"M","60+"
326,"Mr. Matthew Price",79,"M","60+"
328,"Chelsea Reed",75,"M","60+"
330,"Douglas Miller",66,"M","60+"
331,"Edward Rivera",69,"M","60+"
332,"Charles Levy",59,"M","46–60"
333,"Sarah Bates",87,"M","60+"
335,"Anthony Price",71,"M","60+"
339,"Antonio Brown",77,"M","60+"
342,"Lindsey Glover",23,"M","18–25"
343,"Sharon Novak",64,"M","60+"
346,"Mark Anderson MD",69,"M","60+"
352,"Danielle Mcfarland",80,"M","60+"
353,"Shawn Taylor",36,"M","36–45"
354,"Alexander Beck",75,"M","60+"
357,"Derrick Oconnor",40,"M","36–45"
361,"Tara Gonzalez",75,"M","60+"
363,"Catherine Alexander",51,"M","46–60"
364,"Michael Schneider",65,"M","60+"
365,"Jesus Clark",18,"M","18–25"
366,"Sabrina Bolton",33,"M","26–35"
367,"Robert Perez",78,"M","60+"
369,"Shannon Hernandez",80,"M","60+"
371,"Doris Parker",39,"M","36–45"
374,"Julie Reynolds",33,"M","26–35"
375,"Timothy Parks",68,"M","60+"
376,"Jerome Blackwell",74,"M","60+"
379,"Annette Smith",64,"M","60+"
381,"Stephanie Wallace",86,"M","60+"
382,"Antonio Kim",33,"M","26–35"
384,"Stephen Oconnor",56,"M","46–60"
386,"Brandi Freeman",40,"M","36–45"
388,"Jeffery Sherman",86,"M","60+"
389,"Brandon Martin",51,"M","46–60"
391,"Nancy Newman DDS",27,"M","26–35"
400,"Laura Walker",49,"M","46–60"
401,"Denise Rose",41,"M","36–45"
403,"Christine Gibson",67,"M","60+"
405,"Scott Guzman",50,"M","46–60"
406,"Jonathan Foster",50,"M","46–60"
409,"Evan Flynn",60,"M","46–60"
412,"Stephen Wilkinson",82,"M","60+"
414,"Richard Ramos",57,"M","46–60"
415,"Larry Randall Jr.",60,"M","46–60"
417,"Robert Mitchell",46,"M","46–60"
420,"Rodney Hernandez",63,"M","60+"
423,"John Fuller",25,"M","18–25"
428,"Karen Harris",75,"M","60+"
440,"Ryan Contreras",79,"M","60+"
441,"Ricky Parks",54,"M","46–60"
442,"Lisa Barnes",29,"M","26–35"
446,"Monique Ball",47,"M","46–60"
448,"Sharon Jones",79,"M","60+"
449,"Allen Russell",30,"M","26–35"
452,"Jesse Thompson",66,"M","60+"
453,"Anita Blankenship",29,"M","26–35"
454,"John Jackson Jr.",78,"M","60+"
455,"Diana Smith",36,"M","36–45"
457,"Sandra Blair",88,"M","60+"
460,"Tabitha Fisher",33,"M","26–35"
461,"Heather Weeks",86,"M","60+"
462,"Lori Lawson MD",29,"M","26–35"
463,"Marcus Cole",42,"M","36–45"
464,"Darlene Austin",69,"M","60+"
466,"Eric Bowman",40,"M","36–45"
468,"Thomas Walker",74,"M","60+"
477,"Laura Velez",35,"M","26–35"
478,"Amy Allen",26,"M","26–35"
484,"Brandon Lin",57,"M","46–60"
485,"Dominique Mcdaniel",59,"M","46–60"
486,"Dr. Abigail Griffin",26,"M","26–35"
487,"Adam Scott",67,"M","60+"
489,"Aaron Holland",83,"M","60+"
491,"Roger Johnson",46,"M","46–60"
494,"Ann Benson",25,"M","18–25"
496,"John Hayes",34,"M","26–35"
497,"Melinda Martinez",88,"M","60+"
498,"Ian Smith",62,"M","60+"
499,"Nicholas Munoz",21,"M","18–25"
500,"Christopher Green",53,"M","46–60"
504,"Susan Garcia",78,"M","60+"
506,"Carrie Patel",56,"M","46–60"
507,"Jonathan Weaver",36,"M","36–45"
509,"Terry Davis",84,"M","60+"
512,"Alyssa Farrell",75,"M","60+"
513,"John Tran",37,"M","36–45"
514,"Kimberly Jenkins",89,"M","60+"
516,"John Becker",56,"M","46–60"
517,"Elijah Nguyen",18,"M","18–25"
518,"David Lozano",20,"M","18–25"
520,"Katrina Lopez",80,"M","60+"
521,"Ms. Julia Brown",42,"M","36–45"
524,"Daniel Callahan",55,"M","46–60"
525,"Jennifer Brown",23,"M","18–25"
526,"Melissa Webb",75,"M","60+"
528,"Wayne Edwards",62,"M","60+"
532,"Mary Roberts",64,"M","60+"
536,"Jonathan Zhang",37,"M","36–45"
538,"Theresa Vaughn",35,"M","26–35"
539,"Jasmine Carlson",64,"M","60+"
540,"Emily Lucero",66,"M","60+"
542,"Nicole Aguirre",32,"M","26–35"
543,"Amanda Myers",48,"M","46–60"
544,"Shannon Castillo",18,"M","18–25"
545,"Patricia Stone DDS",71,"M","60+"
548,"Brandi Williams",74,"M","60+"
549,"Matthew Copeland",29,"M","26–35"
551,"Chelsea Mendoza",89,"M","60+"
552,"Amy Haley",41,"M","36–45"
555,"Stephen Keller",53,"M","46–60"
557,"Monica Blackburn",75,"M","60+"
559,"Mr. Brian Scott MD",67,"M","60+"
560,"Stephen Booth",45,"M","36–45"
561,"Joshua Adams",58,"M","46–60"
564,"Jennifer Gilbert",80,"M","60+"
565,"Katie Hurst",34,"M","26–35"
567,"Bryan Short",46,"M","46–60"
568,"Kara Donovan",30,"M","26–35"
570,"Kyle Hernandez",52,"M","46–60"
573,"Kenneth Mathews",64,"M","60+"
574,"Brian Miller",42,"M","36–45"
575,"Alexander Howell",83,"M","60+"
579,"Angela Summers",22,"M","18–25"
587,"Erin Jones",76,"M","60+"
588,"Kristine Ramirez",44,"M","36–45"
590,"Joseph Wells",50,"M","46–60"
594,"Brenda Sims",23,"M","18–25"
595,"Taylor Evans",86,"M","60+"
596,"Michael Shannon",22,"M","18–25"
600,"Brandon Anderson",70,"M","60+"
603,"Mark Price",18,"M","18–25"
605,"Douglas Lopez",62,"M","60+"
606,"Alan Wood",21,"M","18–25"
608,"Dr. Erica Arias",82,"M","60+"
612,"Shannon Hanson",56,"M","46–60"
616,"Amanda Mercer",20,"M","18–25"
617,"Edward Fields",67,"M","60+"
619,"Steven Robinson Jr.",82,"M","60+"
628,"Michelle Hinton",68,"M","60+"
629,"Wesley Perry",55,"M","46–60"
631,"Terry Liu",55,"M","46–60"
632,"Andrea Wilson",67,"M","60+"
633,"Victoria Massey",47,"M","46–60"
639,"Tony Perez",68,"M","60+"
641,"Michael Gonzalez",46,"M","46–60"
644,"Jack Walsh",73,"M","60+"
645,"Bryan Patterson",34,"M","26–35"
646,"Alyssa Young",34,"M","26–35"
647,"Robert Leach",86,"M","60+"
648,"Molly Rodriguez",51,"M","46–60"
655,"Hayden Pruitt",33,"M","26–35"
657,"Sean Johnson",21,"M","18–25"
661,"Ashley Farmer",84,"M","60+"
664,"Wanda Matthews",49,"M","46–60"
665,"Derrick Robinson",67,"M","60+"
667,"Daniel Castro",68,"M","60+"
669,"William Odom",38,"M","36–45"
670,"Jessica Davenport",22,"M","18–25"
672,"Jonathan Carter",78,"M","60+"
674,"Wendy Salazar",38,"M","36–45"
675,"Aaron Rodriguez",87,"M","60+"
681,"Maurice Hill",66,"M","60+"
682,"Scott Adams",62,"M","60+"
686,"Gavin Ray",73,"M","60+"
687,"Tara Kramer",80,"M","60+"
693,"Robert Grant",25,"M","18–25"
694,"Jessica Carlson",69,"M","60+"
695,"Rebecca Robertson",64,"M","60+"
696,"David Watson",73,"M","60+"
698,"Jill Acosta",45,"M","36–45"
700,"Melissa Humphrey",43,"M","36–45"
701,"Steven Ferguson",31,"M","26–35"
702,"Kenneth Pitts",76,"M","60+"
703,"Chelsea Jenkins DDS",73,"M","60+"
705,"Brandon White",20,"M","18–25"
707,"Robert Austin",35,"M","26–35"
708,"Cynthia Hamilton",55,"M","46–60"
709,"Keith Krause",32,"M","26–35"
712,"Julie Wolf",56,"M","46–60"
713,"Larry Howell",74,"M","60+"
715,"Erin Mcdonald",61,"M","60+"
716,"Stacy Ford",42,"M","36–45"
719,"Danielle Hernandez",42,"M","36–45"
722,"Anne Foster",84,"M","60+"
725,"Joseph Mahoney",25,"M","18–25"
726,"David Jones",57,"M","46–60"
727,"Sean Kerr",59,"M","46–60"
729,"Reginald Kim",23,"M","18–25"
732,"Jessica Jackson",81,"M","60+"
734,"Joshua Dodson",73,"M","60+"
737,"Martha Dixon",50,"M","46–60"
738,"Timothy Rodriguez",70,"M","60+"
739,"Carla Thomas",39,"M","36–45"
740,"Steven Williams",38,"M","36–45"
741,"Teresa Orr",87,"M","60+"
742,"Christopher Reynolds",87,"M","60+"
744,"Tara Cain",79,"M","60+"
745,"Alex Jones",79,"M","60+"
747,"Edward Harrison",72,"M","60+"
751,"Lori Smith",57,"M","46–60"
752,"Bob Nolan",53,"M","46–60"
753,"Jeffrey Bryant",41,"M","36–45"
755,"Erin Davis",83,"M","60+"
756,"Kayla Banks",21,"M","18–25"
758,"Jon Knight",68,"M","60+"
759,"Vincent Patrick",79,"M","60+"
760,"Rachel Morris",74,"M","60+"
762,"Larry Davis",25,"M","18–25"
765,"Ryan Spencer",62,"M","60+"
767,"Brad Le",22,"M","18–25"
768,"Martin Preston",87,"M","60+"
773,"Toni French",29,"M","26–35"
774,"Maria Sloan",64,"M","60+"
775,"David Gilbert",18,"M","18–25"
776,"Brian Kent",31,"M","26–35"
777,"Jose Hicks",81,"M","60+"
778,"Thomas Sims",55,"M","46–60"
779,"Katie Mills",54,"M","46–60"
780,"Michelle Romero",28,"M","26–35"
783,"Joseph Nelson",23,"M","18–25"
786,"Tim Mcbride",22,"M","18–25"
790,"Cynthia Davis",19,"M","18–25"
792,"Kristi Martinez",57,"M","46–60"
798,"Anne Casey",32,"M","26–35"
799,"Mr. Derrick Kerr DDS",41,"M","36–45"
801,"Jeffrey Haynes",52,"M","46–60"
802,"Grant Butler",66,"M","60+"
803,"Gary Richmond",86,"M","60+"
804,"Jason Peters",79,"M","60+"
809,"Thomas Hughes",52,"M","46–60"
810,"Valerie Espinoza",18,"M","18–25"
812,"Melissa Ford",81,"M","60+"
815,"Kelly Thompson",81,"M","60+"
819,"Tammy Williams",77,"M","60+"
820,"Danielle White",47,"M","46–60"
822,"Robert Oneill",54,"M","46–60"
823,"Keith Cole",22,"M","18–25"
825,"Pamela Franklin",79,"M","60+"
829,"Kelly Mccall",57,"M","46–60"
831,"Mrs. Kelly Rush",56,"M","46–60"
832,"Rebekah Tucker",31,"M","26–35"
834,"James Watson",68,"M","60+"
835,"William Gonzalez",55,"M","46–60"
837,"Kenneth Schaefer",80,"M","60+"
838,"Cynthia Anderson",32,"M","26–35"
842,"Brian Lewis",70,"M","60+"
843,"Stephen Perez",68,"M","60+"
844,"Gerald King",56,"M","46–60"
845,"Raymond Patel",68,"M","60+"
847,"Heather Schaefer",23,"M","18–25"
848,"Diana Garcia",84,"M","60+"
852,"Jacob Smith",59,"M","46–60"
853,"Joseph Trujillo",81,"M","60+"
854,"Deborah Scott",32,"M","26–35"
855,"Isaac Rodriguez",46,"M","46–60"
860,"Timothy Davis",55,"M","46–60"
862,"Cynthia Mcdonald",44,"M","36–45"
865,"Julie Barnes",85,"M","60+"
866,"Benjamin Cooper",83,"M","60+"
868,"Justin Cohen",22,"M","18–25"
869,"Connie Rios",55,"M","46–60"
870,"Laura Vaughn",30,"M","26–35"
874,"Craig Chase",73,"M","60+"
876,"Cynthia Wilson",46,"M","46–60"
879,"Pamela Miller",46,"M","46–60"
880,"Christian Swanson",64,"M","60+"
881,"Paula Bond",85,"M","60+"
882,"Ryan Franco",62,"M","60+"
883,"Tyler Clayton",19,"M","18–25"
886,"Jimmy Randolph",53,"M","46–60"
887,"Michael Wallace",43,"M","36–45"
888,"Jessica Gonzales",60,"M","46–60"
890,"Gary Jenkins",86,"M","60+"
895,"Charles Owens",89,"M","60+"
897,"Yvonne Medina",64,"M","60+"
898,"Wayne Gonzalez",63,"M","60+"
902,"Brandi Ross",77,"M","60+"
903,"Mrs. Ashley Gilbert",60,"M","46–60"
905,"Joy Hill",22,"M","18–25"
909,"Patrick Cook",26,"M","26–35"
910,"Amanda Mcconnell",68,"M","60+"
911,"Mary Morales",46,"M","46–60"
913,"Sheryl Harrington",58,"M","46–60"
915,"Brandon Martin",40,"M","36–45"
917,"Amanda White",63,"M","60+"
918,"Austin Smith",38,"M","36–45"
919,"Brittney Martin",53,"M","46–60"
923,"Jennifer Watkins",80,"M","60+"
924,"Anne Horton",71,"M","60+"
926,"Dean Hall",57,"M","46–60"
927,"Joshua Boyd",32,"M","26–35"
932,"Vincent Griffin",69,"M","60+"
933,"Brandon Abbott",74,"M","60+"
936,"Anne Harrison",52,"M","46–60"
937,"Douglas Bartlett",80,"M","60+"
938,"Stephanie Moran",42,"M","36–45"
942,"Kimberly Fox",51,"M","46–60"
945,"Leslie Knox",76,"M","60+"
946,"Timothy Allen",68,"M","60+"
947,"Kelly West",71,"M","60+"
948,"Kim Sanders",41,"M","36–45"
950,"Sally Greer",88,"M","60+"
952,"Meagan Gomez",87,"M","60+"
953,"Stephanie Bradley",50,"M","46–60"
954,"Jose Frederick",66,"M","60+"
955,"William Thompson",46,"M","46–60"
960,"Melissa Hamilton",66,"M","60+"
961,"Joanna Baker",88,"M","60+"
962,"Dr. Kelly Rodriguez MD",66,"M","60+"
964,"Daryl Smith",80,"M","60+"
965,"Joshua Torres",78,"M","60+"
967,"Andrea Miller",88,"M","60+"
968,"Cole Olson",18,"M","18–25"
969,"Cory Ray",30,"M","26–35"
973,"Karen Simmons",49,"M","46–60"
976,"Thomas Simmons",66,"M","60+"
978,"Kathryn Grant",47,"M","46–60"
981,"Christopher Hebert",36,"M","36–45"
985,"Deanna Rivers",83,"M","60+"
986,"Richard Nicholson",55,"M","46–60"
987,"Bonnie Lee",68,"M","60+"
989,"Jessica Watson",21,"M","18–25"
992,"Sherry Thornton",46,"M","46–60"
994,"Kristin Day",20,"M","18–25"
997,"Brenda Washington",51,"M","46–60"
998,"Jeffrey Nelson",72,"M","60+"
999,"Taylor Johnson",49,"M","46–60"
14,"Katherine Goodman",81,"Other","60+"
17,"Tracy Higgins",50,"Other","46–60"
42,"Jo Johnson",70,"Other","60+"
46,"Melissa Pratt",61,"Other","60+"
116,"Lauren Gentry",40,"Other","36–45"
121,"Briana Smith",30,"Other","26–35"
132,"Jennifer Weaver",45,"Other","36–45"
140,"Denise David",79,"Other","60+"
173,"Paul Chan",49,"Other","46–60"
207,"Karla Cooper",33,"Other","26–35"
211,"Janet Price",65,"Other","60+"
233,"Chris Woods",78,"Other","60+"
257,"Jessica Miller",38,"Other","36–45"
260,"Adam Hull",81,"Other","60+"
282,"Jacob Smith",84,"Other","60+"
320,"Julie Berry",49,"Other","46–60"
345,"Amber Murphy",57,"Other","46–60"
350,"Brandon Richards",36,"Other","36–45"
373,"Holly Walker",43,"Other","36–45"
387,"Andrew Hamilton",27,"Other","26–35"
392,"Mark Cruz",36,"Other","36–45"
416,"Brian Jackson",61,"Other","60+"
467,"Julie Baker",33,"Other","26–35"
483,"Daniel Diaz",30,"Other","26–35"
537,"James Ortiz",74,"Other","60+"
553,"Brian Bradshaw",45,"Other","36–45"
569,"Timothy Tyler",63,"Other","60+"
572,"Bonnie Valdez",86,"Other","60+"
592,"Troy Steele",38,"Other","36–45"
658,"Robert Shaw",21,"Other","18–25"
743,"Jodi Kennedy",21,"Other","18–25"
748,"Brian Meyer",26,"Other","26–35"
757,"William Trevino",23,"Other","18–25"
761,"Anita Taylor",83,"Other","60+"
867,"Joshua Thomas",27,"Other","26–35"
916,"Benjamin Clements",18,"Other","18–25"
928,"Derek Shepherd",38,"Other","36–45"
929,"Dr. Lisa Hansen",64,"Other","60+"
943,"Patricia Garcia",34,"Other","26–35"
974,"Stephanie Roy",47,"Other","46–60"
982,"David Ballard",35,"Other","26–35"
995,"Madison Lynch",49,"Other","46–60"
